<?xml version='1.0'?>
<methodResponse>
<params>
<param>
<value><array><data>
<value><array><data>
<value><string>Oizy - Belgium</string></value>
</data></array></value>
<value><array><data>
<value><string>49.8966N-5.011E</string></value>
</data></array></value>
<value><array><data>
<value><string>2018-12-16 21:16:09</string></value>
</data></array></value>
<value><array><data>
<value><int>-13</int></value>
</data></array></value>
<value><array><data>
<value><int>2</int></value>
</data></array></value>
<value><array><data>
<value><string>W</string></value>
</data></array></value>
</data></array></value>
</param>
</params>
</methodResponse>

