<?xml version='1.0'?>
<methodCall>
<methodName>system.multicall</methodName>
<params>
<param>
<value><array><data>
<value><struct>
<member>
<name>methodName</name>
<value><string>get_weather_station_location</string></value>
</member>
<member>
<name>params</name>
<value><array><data>
</data></array></value>
</member>
</struct></value>
<value><struct>
<member>
<name>methodName</name>
<value><string>get_weather_station_coordinates</string></value>
</member>
<member>
<name>params</name>
<value><array><data>
</data></array></value>
</member>
</struct></value>
<value><struct>
<member>
<name>methodName</name>
<value><string>get_temperature</string></value>
</member>
<member>
<name>params</name>
<value><array><data>
</data></array></value>
</member>
</struct></value>
<value><struct>
<member>
<name>methodName</name>
<value><string>get_wind_speed</string></value>
</member>
<member>
<name>params</name>
<value><array><data>
</data></array></value>
</member>
</struct></value>
<value><struct>
<member>
<name>methodName</name>
<value><string>get_wind_direction</string></value>
</member>
<member>
<name>params</name>
<value><array><data>
</data></array></value>
</member>
</struct></value>
</data></array></value>
</param>
</params>
</methodCall>

