<?xml version='1.0'?>
<methodResponse>
<params>
<param>
<value><array><data>
<value><array><data>
<value><string>Oizy - Belgium</string></value>
</data></array></value>
<value><array><data>
<value><string>49.8966N-5.011E</string></value>
</data></array></value>
<value><array><data>
<value><int>40</int></value>
</data></array></value>
<value><array><data>
<value><int>8</int></value>
</data></array></value>
<value><array><data>
<value><string>NW</string></value>
</data></array></value>
</data></array></value>
</param>
</params>
</methodResponse>

